{"source":"crane-row PCA tangent (boundary-PCA fallback for clusters) + open-water-ray water side","count":70,"headings":[2.47013,-0.67147,2.45226,2.45033,2.45226,2.45033,2.98905,2.45794,2.45794,2.49564,2.45226,2.45056,3.74383,2.48775,3.74383,2.45226,2.98905,2.45226,2.45794,2.48585,2.48797,2.48797,2.48585,2.48797,2.48585,-0.13179,-0.65953,-0.13179,-0.65953,-0.65953,-0.13179,-0.71516,-0.71516,-0.13179,-0.71516,-0.68888,-0.66567,-0.66567,-0.66567,-0.65504,-0.65504,-0.65548,-0.66776,-0.65803,-0.65806,-0.65008,-0.65008,-0.65008,-0.68888,-0.71516,-0.68011,0.24188,-0.63803,-0.67976,-0.67976,-0.67976,-0.67976,-0.68754,-0.68754,-0.68754,-0.68754,2.48181,2.48181,2.48181,2.48181,2.49921,2.49921,2.49921,2.49921,2.49921]}